[{"model": "market.profile", "pk": 1, "fields": {"user": 1, "admin": true, "avatar": "", "status": true, "tel": "9123454254"}}, {"model": "market.profile", "pk": 2, "fields": {"user": 2, "admin": false, "avatar": "", "status": true, "tel": "sfdsf"}}, {"model": "market.cart", "pk": 8, "fields": {"profile": 1, "cart_price": 265}}, {"model": "market.item_category", "pk": 3, "fields": {"name": "None", "status": false}}, {"model": "market.item_category", "pk": 4, "fields": {"name": "Cars", "status": true}}, {"model": "market.item_category", "pk": 5, "fields": {"name": "Toys", "status": true}}, {"model": "market.item_category", "pk": 6, "fields": {"name": "Some new category", "status": false}}, {"model": "market.item_category", "pk": 7, "fields": {"name": "Furniture", "status": true}}, {"model": "market.item", "pk": 3, "fields": {"name": "Bear", "price": 15, "description": "Some lovely beear", "date_created": "2023-02-24T12:21:37Z", "times_bought": 0, "status": true, "category": 5, "has_reviews": false, "number_of_reviews": 0, "limited": false}}, {"model": "market.item", "pk": 4, "fields": {"name": "Toyota", "price": 5, "description": "Great car", "date_created": "2023-02-24T12:21:37Z", "times_bought": 0, "status": true, "category": 4, "has_reviews": false, "number_of_reviews": 0, "limited": false}}, {"model": "market.item", "pk": 5, "fields": {"name": "Volvo", "price": 10, "description": "Brand new car", "date_created": "2023-02-24T19:07:29Z", "times_bought": 0, "status": true, "category": 4, "has_reviews": true, "number_of_reviews": 12, "limited": false}}, {"model": "market.item", "pk": 6, "fields": {"name": "Chair", "price": 1, "description": "Very old one", "date_created": "2023-02-25T16:55:27Z", "times_bought": 0, "status": true, "category": 7, "has_reviews": false, "number_of_reviews": 0, "limited": false}}, {"model": "market.item", "pk": 7, "fields": {"name": "Audi", "price": 50, "description": "Great ona", "date_created": "2023-02-26T12:06:53Z", "times_bought": 0, "status": true, "category": 4, "has_reviews": true, "number_of_reviews": 8, "limited": false}}, {"model": "market.item", "pk": 8, "fields": {"name": "Bed", "price": 10, "description": "Nice bed", "date_created": "2023-02-26T14:17:43Z", "times_bought": 0, "status": true, "category": 7, "has_reviews": false, "number_of_reviews": 0, "limited": false}}, {"model": "market.item", "pk": 9, "fields": {"name": "Table", "price": 20, "description": "Brand new one", "date_created": "2023-02-26T17:02:06Z", "times_bought": 0, "status": true, "category": 7, "has_reviews": true, "number_of_reviews": 0, "limited": true}}, {"model": "market.item_image", "pk": 2, "fields": {"item": 5, "image": "item_images/first_task_ZYfuLLT.PNG"}}, {"model": "market.item_image", "pk": 3, "fields": {"item": 5, "image": "item_images/first_task.PNG"}}, {"model": "market.item_image", "pk": 4, "fields": {"item": 5, "image": "item_images/course5.PNG"}}, {"model": "market.item_in_unauthorized_cart", "pk": 9, "fields": {"item": 4, "session_key": "278097463738615068618588089110688286781", "quantity": 3}}, {"model": "market.item_in_unauthorized_cart", "pk": 10, "fields": {"item": 4, "session_key": "156018952889428596168035547932878340951", "quantity": 2}}, {"model": "market.item_in_unauthorized_cart", "pk": 11, "fields": {"item": 5, "session_key": "303941141246061170614441879248463066697", "quantity": 1}}, {"model": "market.item_in_unauthorized_cart", "pk": 12, "fields": {"item": 4, "session_key": "74699327699446462970488918244047819126", "quantity": 2}}, {"model": "market.item_in_unauthorized_cart", "pk": 13, "fields": {"item": 7, "session_key": "74699327699446462970488918244047819126", "quantity": 1}}, {"model": "market.item_in_unauthorized_cart", "pk": 14, "fields": {"item": 5, "session_key": "74699327699446462970488918244047819126", "quantity": 1}}, {"model": "market.item_in_unauthorized_cart", "pk": 15, "fields": {"item": 4, "session_key": "107631405828779107016668290163582328294", "quantity": 1}}, {"model": "market.item_in_unauthorized_cart", "pk": 16, "fields": {"item": 7, "session_key": "107631405828779107016668290163582328294", "quantity": 2}}, {"model": "market.item_in_unauthorized_cart", "pk": 17, "fields": {"item": 4, "session_key": "162229393647712278773223167082295428456", "quantity": 1}}, {"model": "market.item_in_unauthorized_cart", "pk": 18, "fields": {"item": 7, "session_key": "162229393647712278773223167082295428456", "quantity": 2}}, {"model": "market.item_in_unauthorized_cart", "pk": 19, "fields": {"item": 4, "session_key": "188158081793184917345646391906850318133", "quantity": 2}}, {"model": "market.item_in_unauthorized_cart", "pk": 20, "fields": {"item": 5, "session_key": "188158081793184917345646391906850318133", "quantity": 3}}, {"model": "market.item_in_unauthorized_cart", "pk": 30, "fields": {"item": 4, "session_key": "225138073137718296361028927923427027142", "quantity": 1}}, {"model": "market.item_in_unauthorized_cart", "pk": 31, "fields": {"item": 4, "session_key": "250993403636691868955323463407389333195", "quantity": 1}}, {"model": "market.item_in_unauthorized_cart", "pk": 32, "fields": {"item": 9, "session_key": "153109142734703949042852650458253284033", "quantity": 2}}, {"model": "market.item_in_unauthorized_cart", "pk": 33, "fields": {"item": 9, "session_key": "51259724197447335163849995931779985819", "quantity": 1}}, {"model": "market.item_in_unauthorized_cart", "pk": 34, "fields": {"item": 4, "session_key": "260526209714535462642701969784002089704", "quantity": 1}}, {"model": "market.item_in_unauthorized_cart", "pk": 35, "fields": {"item": 7, "session_key": "260526209714535462642701969784002089704", "quantity": 2}}, {"model": "market.item_in_unauthorized_cart", "pk": 36, "fields": {"item": 4, "session_key": "166647174676808806489452484254137887839", "quantity": 1}}, {"model": "market.item_in_unauthorized_cart", "pk": 37, "fields": {"item": 7, "session_key": "166647174676808806489452484254137887839", "quantity": 2}}, {"model": "market.item_in_unauthorized_cart", "pk": 38, "fields": {"item": 4, "session_key": "184624240798773032009932743570092454674", "quantity": 1}}, {"model": "market.item_in_unauthorized_cart", "pk": 39, "fields": {"item": 7, "session_key": "184624240798773032009932743570092454674", "quantity": 2}}, {"model": "market.item_in_unauthorized_cart", "pk": 41, "fields": {"item": 4, "session_key": "239256182098281922240849351400085432287", "quantity": 1}}, {"model": "market.item_in_unauthorized_cart", "pk": 42, "fields": {"item": 7, "session_key": "239256182098281922240849351400085432287", "quantity": 1}}, {"model": "market.order", "pk": 23, "fields": {"profile": 1, "date_of_order": "2023-03-01T23:38:40.030Z", "payment_method": "random", "payment_status": false, "status": true, "delivery_method": "delivery", "price": 20, "tel": "9123454254", "city": null, "adress": "some address", "error": null}}, {"model": "market.order", "pk": 24, "fields": {"profile": 1, "date_of_order": "2023-03-01T23:38:40.030Z", "payment_method": "card", "payment_status": false, "status": true, "delivery_method": "delivery", "price": 20, "tel": "9123454254", "city": null, "adress": "some address", "error": null}}, {"model": "market.order", "pk": 25, "fields": {"profile": 2, "date_of_order": "2023-03-02T00:30:21Z", "payment_method": "card", "payment_status": false, "status": true, "delivery_method": "delivery", "price": 1, "tel": "9999999999", "city": "Moscow", "adress": "asff", "error": null}}, {"model": "market.order", "pk": 26, "fields": {"profile": 1, "date_of_order": "2023-03-02T00:51:23.724Z", "payment_method": "random", "payment_status": true, "status": true, "delivery_method": "delivery", "price": 76, "tel": "9123454254", "city": null, "adress": "some address", "error": null}}, {"model": "market.item_in_order", "pk": 62, "fields": {"item": 9, "order": 23, "quantity": 6, "price_of_item": 20}}, {"model": "market.item_in_order", "pk": 63, "fields": {"item": 9, "order": 24, "quantity": 6, "price_of_item": 20}}, {"model": "market.item_in_order", "pk": 64, "fields": {"item": 3, "order": 25, "quantity": 2, "price_of_item": 4}}, {"model": "market.item_in_order", "pk": 65, "fields": {"item": 4, "order": 26, "quantity": 2, "price_of_item": 5}}, {"model": "market.item_in_order", "pk": 66, "fields": {"item": 7, "order": 26, "quantity": 1, "price_of_item": 50}}, {"model": "market.item_in_order", "pk": 67, "fields": {"item": 6, "order": 26, "quantity": 1, "price_of_item": 1}}, {"model": "market.item_in_order", "pk": 68, "fields": {"item": 9, "order": 26, "quantity": 1, "price_of_item": 20}}, {"model": "market.unauthorised_order", "pk": 3, "fields": {"session_key": "318157473482792923246110359332992699690", "date_of_order": "2023-03-01T23:41:20.751Z", "payment_method": "random", "payment_status": true, "status": true, "delivery_method": "in shop", "tel": "9257324650", "price": 5, "city": null, "adress": "ryre", "name": "some", "error": null}}, {"model": "market.unauthorised_order", "pk": 4, "fields": {"session_key": "239256182098281922240849351400085432287", "date_of_order": "2023-03-01T23:57:36.729Z", "payment_method": "random", "payment_status": false, "status": true, "delivery_method": "delivery", "tel": "9999999999", "price": 55, "city": null, "adress": "dsgfdsgs", "name": "", "error": null}}, {"model": "market.item_in_unauthorised_order", "pk": 4, "fields": {"item": 4, "order": 3, "quantity": 1, "price_of_item": 5}}, {"model": "market.item_in_unauthorised_order", "pk": 5, "fields": {"item": 4, "order": 4, "quantity": 1, "price_of_item": 5}}, {"model": "market.item_in_unauthorised_order", "pk": 6, "fields": {"item": 7, "order": 4, "quantity": 1, "price_of_item": 50}}]